{
  "window_size": 256,
  "step": 128,
  "aggressive_keep_pct": 0.05,
  "n_windows": 14,
  "mean_error": 1.83530282,
  "max_error": 9.38732558,
  "fragile_threshold": 7.39095475,
  "fragile_window_centers_samples": [
    128,
    256
  ],
  "window_errors": [
    9.38732558,
    8.39626631,
    5.04522778,
    2.80905687,
    0.00253649,
    0.0025434,
    0.0025488,
    0.00254721,
    0.00254024,
    0.00253497,
    0.00253673,
    0.00254375,
    0.0025489,
    0.03348242
  ],
  "window_center_times_s": null,
  "heatmap_path": "results/characterization/signal_sensitivity_heatmap.png"
}