{
  "window_size": 512,
  "step": 256,
  "aggressive_keep_pct": 0.05,
  "n_windows": 77,
  "mean_error": 0.08547707,
  "max_error": 2.39764596,
  "fragile_threshold": 0.11210633,
  "fragile_window_centers_samples": [
    1792,
    2048,
    2304,
    2560,
    2816,
    3072,
    3840,
    4096
  ],
  "window_errors": [
    0.0,
    0.0,
    0.0,
    0.0,
    0.0,
    0.0,
    0.27519451,
    2.39764596,
    0.54996207,
    0.4639472,
    0.30443262,
    0.15361854,
    0.08443153,
    0.04490381,
    1.08943289,
    0.53508005,
    0.01938868,
    0.01936723,
    0.0185219,
    0.01774352,
    0.01791672,
    0.01750896,
    0.01710234,
    0.01705693,
    0.01685273,
    0.01622187,
    0.0157376,
    0.01555767,
    0.01502816,
    0.01436592,
    0.01469699,
    0.0145181,
    0.01352053,
    0.01289936,
    0.01337462,
    0.01327361,
    0.01246157,
    0.01243851,
    0.01248158,
    0.01177118,
    0.01129099,
    0.0116539,
    0.0116067,
    0.0111001,
    0.01063362,
    0.01073741,
    0.01049305,
    0.01024936,
    0.01022214,
    0.01009977,
    0.0097217,
    0.00943148,
    0.00932364,
    0.00900631,
    0.00860944,
    0.00880785,
    0.00870063,
    0.0081028,
    0.00773053,
    0.00801535,
    0.00795482,
    0.00746816,
    0.00745435,
    0.00748016,
    0.00705442,
    0.00676664,
    0.00698414,
    0.00695585,
    0.00662771,
    0.02757642,
    0.02482205,
    0.00021154,
    0.00014408,
    9.814e-05,
    6.685e-05,
    4.553e-05,
    3.101e-05
  ],
  "window_center_times_s": null,
  "heatmap_path": "results/characterization/synthetic_rocket_sensitivity_heatmap.png"
}