{
  "version": "v2",
  "input": "data/raw/synthetic_rocket.csv",
  "method": "hybrid",
  "compression_rate": 0.85,
  "wavelet": null,
  "metrics": {
    "compression_ratio": 2.22,
    "mse": 1.3e-05,
    "rmse": 0.003653,
    "snr_db": 53.33,
    "vs_clean": {
      "mse": 54.720646,
      "snr_db": 0.27
    },
    "segments": {
      "pre_launch": {
        "mse": 118.98935773,
        "rmse": 10.90822432,
        "snr_db": -0.92,
        "n_samples": 2000
      },
      "launch": {
        "mse": 408.37948012,
        "rmse": 20.20840123,
        "snr_db": 0.53,
        "n_samples": 2000
      },
      "flight": {
        "mse": 2.77967739,
        "rmse": 1.66723645,
        "snr_db": 1.11,
        "n_samples": 14000
      },
      "descent": {
        "mse": 0.37966442,
        "rmse": 0.61616915,
        "snr_db": -2.46,
        "n_samples": 1999
      }
    }
  },
  "metadata": {
    "sampling_frequency": 200.0,
    "n_samples": 20000,
    "duration": 99.995,
    "mean": 4.1132054109900205,
    "std": 6.42987743524173,
    "min": -1.5654468167293107,
    "max": 32.65672999789793,
    "peak_to_peak": 34.22217681462725
  },
  "noise_applied": true,
  "filter_applied": true,
  "execution_time_seconds": 0.046,
  "plots": {}
}